Suoja-alue;Erityiskäyttöalueet;Alue;77;62200;Alueiden yhteiset attribuutit;;;
Ampuma-alueen reunaviiva;Erityiskäyttöalueet;Viiva;29;62100;Viivojen yhteiset attribuutit;;;
Suoja-alueen reunaviiva;Erityiskäyttöalueet;Viiva;29;62200;;;;
Kunta;Hallinnollinen jaotus;Alue;71;84200;Aluieiden yhteiset attribuutit;Ei sisälly Maastokartta/1:50 000-tuotteisiin.;;
Valtakunnan rajapyykki;Hallinnollinen jaotus;Piste;43;82500;Pisteiden yhteiset attribuutit;;;
Kunnan hallintokeskus;Hallinnollinen jaotus;Teksti;;;Tekstien yhteiset attribuutit;;;
Läänin pääkaupunki (ei ylläpidettävä kohde);Hallinnollinen jaotus;Teksti;53;84301;;;;
Muu kaupunki;Hallinnollinen jaotus;Teksti;53;84302;;Ei sisälly Maastokartta/1:50 000-tuotteisiin.;;
Muu kunta;Hallinnollinen jaotus;Teksti;53;84303;;Ei sisälly Maastokartta/1:50 000-tuotteisiin.;;
Aluemeren ulkoraja;Hallinnollinen jaotus;Viiva;23;82100;Viivojen yhteiset attribuutit;;;
Kunnan hallintoraja;Hallinnollinen jaotus;Viiva;;;;;;
Valtakunnan raja;Hallinnollinen jaotus;Viiva;23;84111;;;;
Aluehallintoviraston toimialueen raja;Hallinnollinen jaotus;Viiva;23;84112;;;;
Kunnan raja;Hallinnollinen jaotus;Viiva;23;84113;;;;
Käymätön raja;Hallinnollinen jaotus;Viiva;23;84114;;Ei sisälly Maastokartta/1:50 000-tuotteisiin.;;
Maakunnan raja;Hallinnollinen jaotus;Viiva;23;84115;;;;
Rajavyöhykkeen takaraja;Hallinnollinen jaotus;Viiva;23;82200;;;;
Sisäisten aluevesien ulkoraja;Hallinnollinen jaotus;Viiva;23;82300;;;;
Ulko- ja sisäsaariston raja;Hallinnollinen jaotus;Viiva;23;82400;;Ei sisälly Maastokartta/1:50 000-tuotteisiin.;;
Muuntaja;Johtoverkosto;Piste;48;22100;Pisteiden yhteiset attribuutit;Ei sisälly Maastokartta/1:50 000-tuotteisiin.;;
Puhelinlinjan symboli (poistunut kohde);Johtoverkosto;Piste;48;24191;;;;
Puhelupaikka (poistunut kohde);Johtoverkosto;Piste;48;24200;;;;
Putkijohdon symboli;Johtoverkosto;Piste;;;;;;
Putkijohdon symboli, kaasu;Johtoverkosto;Piste;48;26191;;;;
Putkijohdon symboli, kiinteä aine;Johtoverkosto;Piste;48;26192;;Ei sisälly Maastokartta/1:50 000-tuotteisiin.;;
Putkijohdon symboli, lämpö;Johtoverkosto;Piste;48;26193;;Ei sisälly Maastokartta/1:50 000-tuotteisiin.;;
Putkijohdon symboli, vesi;Johtoverkosto;Piste;48;26194;;Ei sisälly Maastokartta/1:50 000-tuotteisiin.;;
Putkijohdon symboli, vesihöyry;Johtoverkosto;Piste;48;26195;;Ei sisälly Maastokartta/1:50 000-tuotteisiin.;;
Putkijohdon symboli, viemäri;Johtoverkosto;Piste;48;26196;;Ei sisälly Maastokartta/1:50 000-tuotteisiin.;;
Putkijohdon symboli, öljy;Johtoverkosto;Piste;48;26197;;Ei sisälly Maastokartta/1:50 000-tuotteisiin.;;
Suurjännitelinjan pylväs;Johtoverkosto;Piste;48;22392;;;;
Sähkölinjan symboli (tallennettu alaluokkiin);Johtoverkosto;Piste;48;22391;;;;
Suurjännitelinjan symboli;Johtoverkosto;Piste;48;22394;;;;
Jakelujännitelinjan symboli;Johtoverkosto;Piste;48;22395;;Ei sisälly Maastokartta/1:50 000-tuotteisiin.;;
Vedenottamo;Johtoverkosto;Piste;48;26200;;;;
Vesitorni;Johtoverkosto;Piste;47;45800;;;;
Muuntoasema;Johtoverkosto;Viiva;28;22200;Viivojen yhteiset attribuutit;;;
Puhelinlinja (poistunut kohde);Johtoverkosto;Viiva;28;24100;;;;
Putkijohto;Johtoverkosto;Viiva;;;;;;
Putkijohto, kaasu;Johtoverkosto;Viiva;28;26111;;Ei sisälly Maastokartta/1:50 000-tuotteisiin.;;
Putkijohto, kiinteä aine;Johtoverkosto;Viiva;28;26112;;Ei sisälly Maastokartta/1:50 000-tuotteisiin.;;
Putkijohto, lämpö;Johtoverkosto;Viiva;28;26113;;Ei sisälly Maastokartta/1:50 000-tuotteisiin.;;
Putkijohto, vesi;Johtoverkosto;Viiva;28;26114;;Ei sisälly Maastokartta/1:50 000-tuotteisiin.;;
Putkijohto, vesihöyry;Johtoverkosto;Viiva;28;26115;;Ei sisälly Maastokartta/1:50 000-tuotteisiin.;;
Putkijohto, viemäri;Johtoverkosto;Viiva;28;26116;;Ei sisälly Maastokartta/1:50 000-tuotteisiin.;;
Putkijohto, öljy;Johtoverkosto;Viiva;28;26117;;Ei sisälly Maastokartta/1:50 000-tuotteisiin.;;
Sähkölinja (tallennettu alaluokkiin);Johtoverkosto;Viiva;28;22300;;;;
Sähkölinja, suurjännite ;Johtoverkosto;Viiva;28;22311;;;;
Sähkölinja, jakelujännite ;Johtoverkosto;Viiva;28;22312;;Ei sisälly Maastokartta/1:50 000-tuotteisiin.;;
Karttasymboli;Karttasymbolit;Piste;;;Pisteiden yhteiset attribuutit;;;
Eloperäinen ainessymboli;Karttasymbolit;Piste;13;32191;;Ei sisälly Maastokartta/1:50 000-tuotteisiin.;;
Hieno kivennäisainessymboli;Karttasymbolit;Piste;13;32192;;Ei sisälly Maastokartta/1:50 000-tuotteisiin.;;
Hautausmaan symboli;Karttasymbolit;Piste;13;32291;;Ei sisälly Maastokartta/1:50 000-tuotteisiin.;;
Louhoksen symboli;Karttasymbolit;Piste;13;32591;;Ei sisälly Maastokartta/1:50 000-tuotteisiin.;;
Niityn symboli;Karttasymbolit;Piste;13;32891;;Ei sisälly Maastokartta/1:50 000-tuotteisiin.;;
Täytemaan symboli;Karttasymbolit;Piste;13;33091;;Ei sisälly Maastokartta/1:50 000-tuotteisiin.;;
Varastoalueen symboli;Karttasymbolit;Piste;42;38991;;Ei sisälly Maastokartta/1:50 000-tuotteisiin.;;
Tunnelin aukko;Karttasymbolit;Piste;45;16800;;;;
Kolmiopiste;Kiintopisteet;Piste;;;;;;
Kolmiopiste, I luokka;Kiintopisteet;Piste;50;95111;;Ei sisälly Maastokartta/1:50 000-tuotteisiin.;;
Kolmiopiste, II luokka;Kiintopisteet;Piste;50;95112;;Ei sisälly Maastokartta/1:50 000-tuotteisiin.;;
Kolmiopiste, III luokka;Kiintopisteet;Piste;50;95113;;Ei sisälly Maastokartta/1:50 000-tuotteisiin.;;
Korkeuskiintopiste;Kiintopisteet;Piste;;;;;;
Korkeuskiintopiste, I luokka;Kiintopisteet;Piste;50;95211;;Ei sisälly Maastokartta/1:50 000-tuotteisiin.;;
Korkeuskiintopiste, II luokka;Kiintopisteet;Piste;50;95212;;Ei sisälly Maastokartta/1:50 000-tuotteisiin.;;
Korkeuskiintopiste, III luokka;Kiintopisteet;Piste;50;95213;;Ei sisälly Maastokartta/1:50 000-tuotteisiin.;;
Korkeuskiintopiste, IV luokka;Kiintopisteet;Piste;50;95214;;Ei sisälly Maastokartta/1:50 000-tuotteisiin.;;
Vesiasteikko;Kiintopisteet;Piste;50;95300;;Ei sisälly Maastokartta/1:50 000-tuotteisiin.;;
Maanpintapiste;Korkeussuhteet;Piste;;;;Ei sisälly maastotietotuotteisiin.;;
Viettoviiva;Korkeussuhteet;Piste;;;;;;
Korkeuskäyrän viettoviiva;Korkeussuhteet;Piste;14;52192;;Ei sisälly Maastokartta/1:50 000-tuotteisiin.;;
Apukäyrän viettoviiva;Korkeussuhteet;Piste;14;52193;;Ei sisälly Maastokartta/1:50 000-tuotteisiin.;;
Syvyyskäyrän viettoviiva ;Korkeussuhteet;Piste;14;54192;;Ei sisälly Maastokartta/1:50 000-tuotteisiin. Liikennevirasto tieto poistunut avoimista maastotietotuotteista 1.5.2012.;;
Korkeusmalli_2;Korkeussuhteet;Ruudukko;;;;Erillinen tuote, ei sisälly Maastotietokanta-tuotteeseen.;;
Korkeusmalli_10;Korkeussuhteet;Ruudukko;;;;Erillinen tuote, ei sisälly Maastotietokanta-tuotteeseen.;;
Korkeusmalli_25 (poistunut tuote);Korkeussuhteet;Ruudukko;;;;;;
Korkeuskäyrän korkeusarvo;Korkeussuhteet;Teksti;17;52191;Tekstien yhteiset attribuutit;;;
Korkeuspiste (poistunut kohde);Korkeussuhteet;Teksti;17;52210;;;;
Syvyyskäyrän syvyysarvo;Korkeussuhteet;Teksti;17;54191;;Liikennevirasto tieto poistunut avoimista maastotietotuotteista 1.5.2012.;;
Syvyyspiste;Korkeussuhteet;Teksti;17;54210;;Liikennevirasto tieto poistunut avoimista maastotietotuotteista 1.5.2012.;;
Korkeuskäyrä;Korkeussuhteet;Viiva;20;52100;Viivojen yhteiset attribuutit;;;
Syvyyskäyrä;Korkeussuhteet;Viiva;20;54100;;Liikennevirasto tieto poistunut avoimista maastotietotuotteista 1.5.2012.;;
Autoliikennealue;Maasto/1;Alue;64;32421;Alueiden yhteiset attribuutit;;;
Hautausmaa;Maasto/1;Alue;64;32200;;;;
Hietikko;Maasto/1;Alue;64;34300;;Maastokartta/1:50 000-tuotteissa ehto: pinta-ala > 2000 m2;;
Kaatopaikka;Maasto/1;Alue;64;32300;;;;
Kallio - alue;Maasto/1;Alue;64;34100;;Maastokartta/1:50 000-tuotteissa ehto: pinta-ala > 1000 m2;;
Kivikko;Maasto/1;Alue;64;34700;;Maastokartta/1:50 000-tuotteissa ehto: pinta-ala > 4000 m2;;
Lentokenttäalue;Maasto/1;Alue;;;;;;
Lentokentän kiitotie (tallennettu alaluokkiin);Maasto/1;Alue;64;32410;;;;
Lentokentän kiitotie, päällystetty ;Maasto/1;Alue;64;32411;;;;
Lentokentän kiitotie, päällystämätön ;Maasto/1;Alue;64;32412;;;;
Muu lentokenttäalue;Maasto/1;Alue;64;32413;;;;
Muu lentokenttäalue, päällystetty ;Maasto/1;Alue;64;32415;;;;
Muu lentokenttäalue, päällystämätön ;Maasto/1;Alue;64;32416;;;;
Muu lentoliikennealue;Maasto/1;Alue;64;32414;;;;
Muu lentoliikennealue, päällystetty ;Maasto/1;Alue;64;32417;;;;
Muu lentoliikennealue, päällystämätön ;Maasto/1;Alue;64;32418;;;;
Louhos;Maasto/1;Alue;64;32500;;;;
Maa-aineksenottoalue;Maasto/1;Alue;;;;;;
Maa-aineksenottoalue, karkea kivennäisaines;Maasto/1;Alue;64;32111;;;;
Maa-aineksenottoalue, hieno kivennäisaines;Maasto/1;Alue;64;32112;;;;
Maa-aineksenottoalue, eloperäinen aines;Maasto/1;Alue;64;32113;;;;
Maatalousmaa;Maasto/1;Alue;;;;;;
Pelto;Maasto/1;Alue;64;32611;;;;
Puutarha;Maasto/1;Alue;64;32612;;;;
Niitty;Maasto/1;Alue;64;32800;;;;
Puisto;Maasto/1;Alue;64;32900;;;;
Ratapiha (poistunut kohde);Maasto/1;Alue;64;32431;;;;
Soistuma;Maasto/1;Alue;64;35300;;Maastokartta/1:50 000-tuotteissa ehto: pinta-ala > 4000 m2;;
Suo (tallennettu alaluokkiin);Maasto/1;Alue;64;35400;;;;
Suo, helppokulkuinen puuton ;Maasto/1;Alue;64;35411;;Maastokartta/1:50 000-tuotteissa ehto: pinta-ala > 4000 m2;;
Suo, helppokulkuinen metsää kasvava ;Maasto/1;Alue;64;35412;;Maastokartta/1:50 000-tuotteissa ehto: pinta-ala > 4000 m2;;
Suo, vaikeakulkuinen puuton ;Maasto/1;Alue;64;35421;;Maastokartta/1:50 000-tuotteissa ehto: pinta-ala > 4000 m2;;
Suo, vaikeakulkuinen metsää kasvava ;Maasto/1;Alue;64;35422;;Maastokartta/1:50 000-tuotteissa ehto: pinta-ala > 4000 m2;;
Täytemaa;Maasto/1;Alue;64;33000;;;;
Urheilu- ja virkistysalue;Maasto/1;Alue;64;33100;;;;
Vakavesi;Maasto/1;Alue;;;;;;
Järvivesi;Maasto/1;Alue;64;36200;;;;
Merivesi;Maasto/1;Alue;64;36211;;;;
Virtavesialue;Maasto/1;Alue;64;36313;;;;
Harva louhikko;Maasto/1;Piste;13;34200;Pisteiden yhteiset attribuutit;Maastokartta/1:50 000-tuotteissa ehto: symbolien etäisyys > 40 m;;
Kallio - symboli;Maasto/1;Piste;13;34100;;;;
Kivi;Maasto/1;Piste;13;34600;;Maastokartta/1:50 000-tuotteissa ehto: symbolien etäisyys > 40 m;;
Lähde;Maasto/1;Piste;13;36100;;;;
Merkittävä luontokohde;Maasto/1;Piste;13;34900;;;;
Metsämaan kasvillisuus;Maasto/1;Piste;;;;;;
Havumetsä;Maasto/1;Piste;13;32710;;Ei sisälly Maastokartta/1:50 000-tuotteisiin.;;
Lehtimetsä;Maasto/1;Piste;13;32713;;Ei sisälly Maastokartta/1:50 000-tuotteisiin.;;
Sekametsä;Maasto/1;Piste;13;32714;;Ei sisälly Maastokartta/1:50 000-tuotteisiin.;;
Varvikko;Maasto/1;Piste;13;32715;;Ei sisälly Maastokartta/1:50 000-tuotteisiin.;;
Pensaikko;Maasto/1;Piste;13;32719;;Ei sisälly Maastokartta/1:50 000-tuotteisiin.;;
Metsämaan muokkaus;Maasto/1;Piste;;;;;;
Metsämaan ojitus;Maasto/1;Piste;13;32721;;Ei sisälly Maastokartta/1:50 000-tuotteisiin.;;
Vaotettu alue (poistunut kohde);Maasto/1;Piste;13;32722;;;;
Puu;Maasto/1;Piste;13;35100;;Ei sisälly Maastokartta/1:50 000-tuotteisiin.;;
Vesikuoppa;Maasto/1;Piste;13;36400;;;;
Virtaveden juoksusuunta (tallennettu alaluokkiin);Maasto/1;Piste;13;36391;;;;
Kapean virtaveden juoksusuunta;Maasto/1;Piste;13;36392;;Ei sisälly Maastokartta/1:50 000-tuotteisiin.;;
Leveän virtaveden juoksusuunta;Maasto/1;Piste;13;36393;;;;
Vedenpinnan korkeusluku;Maasto/1;Teksti;16;36291;Tekstien yhteiset attribuutit;;;
Jyrkänne;Maasto/1;Viiva;19;34400;Viivojen yhteiset attribuutit;;;
Kalliohalkeama;Maasto/1;Viiva;19;34500;;Ei sisälly Maastokartta/1:50 000-tuotteisiin.;;
Luiska;Maasto/1;Viiva;19;34800;;;;
Maastokuvion reuna;Maasto/1;Viiva;;;;;;
Yksikäsitteinen reunaviiva;Maasto/1;Viiva;19;30211;;Ei sisälly Maastokartta/1:50 000-tuotteisiin.;;
Epämääräinen reunaviiva;Maasto/1;Viiva;19;30212;;Ei sisälly Maastokartta/1:50 000-tuotteisiin.;;
Keinotekoinen rantaviiva;Maasto/1;Viiva;19;30100;;;;
Vesialueiden välinen reuna;Maasto/1;Viiva;19;30900;;Ei sisälly Maastokartta/1:50 000-tuotteisiin.;;
Pato;Maasto/1;Viiva;19;30300;;;;
Puurivi;Maasto/1;Viiva;19;35200;;;;
Sulkuportti;Maasto/1;Viiva;19;30400;;Ei sisälly Maastokartta/1:50 000-tuotteisiin.;;
Suojänne;Maasto/1;Viiva;19;35500;;Ei sisälly Maastokartta/1:50 000-tuotteisiin.;;
Maasto/1 tekninen viiva ;Maasto/1;Viiva;19;30999;;Ei sisälly Maastokartta/1:50 000-tuotteisiin.;;
Virtavesi - kapea;Maasto/1;Viiva;;;;;;
Virtavesi, alle 2m;Maasto/1;Viiva;19;36311;;;;
Virtavesi, 2-5m;Maasto/1;Viiva;19;36312;;;;
Maatuva vesialue;Maasto/2;Alue;70;38300;Alueiden yhteiset attribuutit;Maastokartta/1:50 000-tuotteissa ehto: pinta-ala > 4000 m2;;
Matalikko;Maasto/2;Alue;70;38700;;Ei sisälly Maastokartta/1:50 000-tuotteisiin.;;
Muu avoin alue;Maasto/2;Alue;;;;;;
Avoin metsämaa;Maasto/2;Alue;70;39110;;;;
Varvikko;Maasto/2;Alue;70;39120;;;;
Avoin vesijättö;Maasto/2;Alue;70;39130;;;;
Taajama (poistunut kohde);Maasto/2;Alue;;;;;;
Kerrostaloalue (poistunut kohde);Maasto/2;Alue;70;39211;;;;
Pientaloalue (poistunut kohde);Maasto/2;Alue;70;39212;;;;
Teollisuusalue (poistunut kohde);Maasto/2;Alue;70;39213;;;;
Tulva-alue;Maasto/2;Alue;70;38400;;Maastokartta/1:50 000-tuotteissa ehto: pinta-ala > 4000 m2;;
Varastoalue;Maasto/2;Alue;70;38900;;;;
Vesikivikko;Maasto/2;Alue;70;38600;;Maastokartta/1:50 000-tuotteissa ehto: pinta-ala > 4000 m2;;
Kaislikko;Maasto/2;Piste;42;38100;Pisteiden yhteiset attribuutit;Ei sisälly Maastokartta/1:50 000-tuotteisiin.;;
Uittolaite;Maasto/2;Piste;42;38800;;;;
Vesikivi;Maasto/2;Piste;;;;;;
Vesikivi, vedenalainen;Maasto/2;Piste;42;38511;;Maastokartta/1:50 000-tuotteissa ehto: symbolien etäisyys > 40 m;;
Vesikivi, pinnassa;Maasto/2;Piste;42;38512;;Maastokartta/1:50 000-tuotteissa ehto: symbolien etäisyys > 40 m;;
Vesikivi, vedenpäällinen;Maasto/2;Piste;42;38513;;Maastokartta/1:50 000-tuotteissa ehto: symbolien etäisyys > 40 m;;
Koski;Maasto/2;Viiva;22;38200;Viivojen yhteiset attribuutit;Ei sisälly Maastokartta/1:50 000-tuotteisiin.;;
Maasto/2-kuvion reuna;Maasto/2;Viiva;;;;;;
Maasto/2 yksikäsitteinen reunaviiva;Maasto/2;Viiva;22;30211;;Ei sisälly Maastokartta/1:50 000-tuotteisiin.;;
Maasto/2 epämääräinen reunaviiva;Maasto/2;Viiva;22;30212;;Ei sisälly Maastokartta/1:50 000-tuotteisiin.;;
Metsän raja;Maasto/2;Viiva;22;39500;;Ei sisälly Maastokartta/1:50 000-tuotteisiin.;;
Uittoränni;Maasto/2;Viiva;22;39000;;Ei sisälly Maastokartta/1:50 000-tuotteisiin.;;
Maasto/2 tekninen viiva ;Maasto/2;Viiva;22;30999;;Ei sisälly Maastokartta/1:50 000-tuotteisiin.;;
Huomaute;Muut kohteet;Teksti;;3001;Tekstien yhteiset attribuutit;Ei sisälly Maastokartta/1:50 000-tuotteisiin.;;
Karttatiedoston reunaviiva (poistunut kohde);Muut kohteet;Viiva;19-29;256;Viivojen yhteiset attribuutit;;;
Osoitepiste;Osoitepisteet;Piste;;;Pisteiden yhteiset attribuutit;;;
Lähiosoite;Osoitepisteet;Piste;2;96001;;Ei sisälly Maastokartta/1:50 000-tuotteisiin.;;
Kulkupaikka;Osoitepisteet;Piste;2;96002;;Ei sisälly Maastokartta/1:50 000-tuotteisiin.;;
Pelastuskoodipiste;Osoitepisteet;Piste;3;96010;;Ei sisälly Maastokartta/1:50 000-tuotteisiin.;;
Paikannimi;Paikannimet;Teksti;;;Tekstien yhteiset attribuutit;;;
Autotien nimi;Paikannimet;Teksti;55;12101;;;;
Kulkuväylän nimi;Paikannimet;Teksti;55;12301;;;;
Rautatieliikennepaikan nimi;Paikannimet;Teksti;55;14201;;;;
Turvalaitteen nimi;Paikannimet;Teksti;55;16101;;;;
Maa-aineksenottoalueen nimi;Paikannimet;Teksti;16;32101;;;;
Hautausmaan nimi;Paikannimet;Teksti;16;32201;;;;
Kaatopaikan nimi;Paikannimet;Teksti;16;32301;;;;
Liikennealueen nimi;Paikannimet;Teksti;16;32401;;;;
Louhoksen nimi;Paikannimet;Teksti;16;32501;;;;
Puiston nimi;Paikannimet;Teksti;16;32901;;;;
Täytemaan nimi;Paikannimet;Teksti;16;33001;;;;
Urheilu- ja virkistysalueen nimi;Paikannimet;Teksti;16;33101;;;;
Kiven nimi;Paikannimet;Teksti;16;34601;;;;
Merkittävän luontokohteen nimi;Paikannimet;Teksti;16;34901;;;;
Pellon tai niityn nimi;Paikannimet;Teksti;16;35010;;;;
Metsäalueen nimi;Paikannimet;Teksti;16;35020;;;;
Suon nimi;Paikannimet;Teksti;16;35030;;;;
Kohouman nimi;Paikannimet;Teksti;16;35040;;;;
Painanteen nimi;Paikannimet;Teksti;16;35050;;;;
Niemen nimi;Paikannimet;Teksti;16;35060;;;;
Saaren nimi;Paikannimet;Teksti;16;35070;;;;
Matalikon nimi;Paikannimet;Teksti;16;35080;;;;
Muu maastonimi;Paikannimet;Teksti;16;35090;;;;
Puun nimi;Paikannimet;Teksti;16;35101;;;;
Lähteen nimi;Paikannimet;Teksti;16;36101;;;;
Vakaveden nimi;Paikannimet;Teksti;16;36201;;;;
Virtaveden nimi;Paikannimet;Teksti;16;36301;;;;
Vakaveden osan nimi;Paikannimet;Teksti;52;36410;;;;
Virtaveden osan nimi;Paikannimet;Teksti;52;36420;;;;
Muu vesistökohteen nimi;Paikannimet;Teksti;52;36490;;;;
Kosken nimi;Paikannimet;Teksti;52;38201;;;;
Vesikiven nimi;Paikannimet;Teksti;52;38501;;;;
Varastoalueen nimi;Paikannimet;Teksti;52;38901;;;;
Rakennuksen nimi;Paikannimet;Teksti;57;42101;;;;
Rakennusryhmän nimi;Paikannimet;Teksti;57;42201;;;;
Altaan nimi;Paikannimet;Teksti;57;44301;;;;
Muistomerkin nimi;Paikannimet;Teksti;57;44901;;;;
Kaupungin nimi;Paikannimet;Teksti;57;48111;;;;
Muun kunnan nimi;Paikannimet;Teksti;57;48112;;;;
Kylän, kaupunginosan tai kulmakunnan nimi;Paikannimet;Teksti;57;48120;;;;
Talon nimi;Paikannimet;Teksti;57;48130;;;;
Muu asutusnimi;Paikannimet;Teksti;57;48190;;;;
Luonnonsuojelualueen nimi;Paikannimet;Teksti;56;72201;;;;
Luonnonmuistomerkin nimi;Paikannimet;Teksti;56;72303;;;;
Muinaisjäännöksen nimi;Paikannimet;Teksti;56;72403;;;;
Luonnonpuiston nimi;Paikannimet;Teksti;56;72502;;;;
Kansallispuiston nimi;Paikannimet;Teksti;56;72601;;;;
Rauhoitetun kohteen nimi (poistunut kohde);Paikannimet;Teksti;56;72301;;;;
Rauhoitetun alueen nimi (poistunut kohde);Paikannimet;Teksti;56;72401;;;;
Erämaa-alueen nimi;Paikannimet;Teksti;56;72701;;;;
Retkeilyalueen nimi;Paikannimet;Teksti;56;72801;;;;
Valtakunnan rajapyykin nimi;Paikannimet;Teksti;53;82501;;;;
Rajapyykin nimi;Paikannimet;Teksti;18;92401;;;;
Allas - alue;Rakennukset;Alue;75;44300;Alueiden yhteiset attribuutit;;;
Pistolaituri - alue;Rakennukset;Alue;;;;;;
Aitasymboli (poistunut kohde);Rakennukset;Piste;47;9325;Pisteiden yhteiset attribuutit;;;
Ilmaradan kannatinpylväs;Rakennukset;Piste;47;44591;;;;
Kellotapuli;Rakennukset;Piste;47;44600;;Ei sisälly Maastokartta/1:50 000-tuotteisiin.;;
Lähestymisvalo;Rakennukset;Piste;47;44700;;Ei sisälly Maastokartta/1:50 000-tuotteisiin.;;
Masto;Rakennukset;Piste;47;44800;;;;
Muistomerkki;Rakennukset;Piste;47;44900;;;;
Näkötorni;Rakennukset;Piste;47;45000;;;;
Portti;Rakennukset;Piste;47;45200;;;;
Savupiippu;Rakennukset;Piste;47;45300;;;;
Tervahauta;Rakennukset;Piste;47;45400;;Ei sisälly Maastokartta/1:50 000-tuotteisiin.;;
Tulentekopaikka;Rakennukset;Piste;47;45710;;;;
Tuulivoimala;Rakennukset;Piste;47;45500;;;;
Maston korkeus;Rakennukset;Teksti;57;44803;Tekstien yhteiset attribuutit;;;
Savupiipun korkeus;Rakennukset;Teksti;57;45303;;;;
Aallonmurtaja;Rakennukset;Viiva;27;44100;Viivojen yhteiset attribuutit;Ei sisälly Maastokartta/1:50 000-tuotteisiin.;;
Aita;Rakennukset;Viiva;;;;;;
Aita,tekoaines;Rakennukset;Viiva;27;44211;;;;
Aita, istutettu;Rakennukset;Viiva;27;44213;;Ei sisälly Maastokartta/1:50 000-tuotteisiin.;;
Allas - viiva;Rakennukset;Viiva;27;44300;;;;
Ilmarata;Rakennukset;Viiva;27;44500;;;;
Pistolaituri - viiva;Rakennukset;Viiva;;;;;;
Pistolaituri, alle 5 m;Rakennukset;Viiva;27;45111;;;;
Pistolaituri, vähintään 5 m;Rakennukset;Viiva;27;45112;;;;
Rakennelma;Rakennukset;Viiva;27;45700;;;;
Rakennusalueen reunaviiva;Rakennukset;Viiva;27;42200;;Ei sisälly Maastokartta/1:50 000-tuotteisiin.;;
Rakennus;Rakennukset;Viiva, Alue;;;;;;
Asuinrakennus, ? krs;Rakennukset;Viiva;27;42110;;Ei sisälly Maastokartta/1:50 000-tuotteisiin.;;
Asuinrakennus, 1-2 krs;Rakennukset;Viiva;27;42111;;Ei sisälly Maastokartta/1:50 000-tuotteisiin.;;
Asuinrakennus, 3-n krs;Rakennukset;Viiva;27;42112;;Ei sisälly Maastokartta/1:50 000-tuotteisiin.;;
Liike- tai julkinen rakennus, ? krs;Rakennukset;Viiva;27;42120;;Ei sisälly Maastokartta/1:50 000-tuotteisiin.;;
Liike- tai julkinen rakennus, 1-2 krs;Rakennukset;Viiva;27;42121;;Ei sisälly Maastokartta/1:50 000-tuotteisiin.;;
Liike- tai julkinen rakennus, 3-n krs;Rakennukset;Viiva;27;42122;;Ei sisälly Maastokartta/1:50 000-tuotteisiin.;;
Lomarakennus, ? krs;Rakennukset;Viiva;27;42130;;Ei sisälly Maastokartta/1:50 000-tuotteisiin.;;
Lomarakennus, 1-2 krs;Rakennukset;Viiva;27;42131;;Ei sisälly Maastokartta/1:50 000-tuotteisiin.;;
Lomarakennus, 3-n krs;Rakennukset;Viiva;27;42132;;Ei sisälly Maastokartta/1:50 000-tuotteisiin.;;
Teollinen rakennus, ? krs;Rakennukset;Viiva;27;42140;;Ei sisälly Maastokartta/1:50 000-tuotteisiin.;;
Teollinen rakennus, 1-2 krs;Rakennukset;Viiva;27;42141;;Ei sisälly Maastokartta/1:50 000-tuotteisiin.;;
Teollinen rakennus, 3-n krs;Rakennukset;Viiva;27;42142;;Ei sisälly Maastokartta/1:50 000-tuotteisiin.;;
Kirkko;Rakennukset;Viiva;27;42170;;Ei sisälly Maastokartta/1:50 000-tuotteisiin.;;
Kirkollinen rakennus, ? krs;Rakennukset;Viiva;27;42150;;Ei sisälly Maastokartta/1:50 000-tuotteisiin.;;
Kirkollinen rakennus, 1-2 krs;Rakennukset;Viiva;27;42151;;Ei sisälly Maastokartta/1:50 000-tuotteisiin.;;
Kirkollinen rakennus, 3-n krs;Rakennukset;Viiva;27;42152;;Ei sisälly Maastokartta/1:50 000-tuotteisiin.;;
Muu rakennus, ? krs;Rakennukset;Viiva;27;42160;;Ei sisälly Maastokartta/1:50 000-tuotteisiin.;;
Muu rakennus, 1-2 krs;Rakennukset;Viiva;27;42161;;Ei sisälly Maastokartta/1:50 000-tuotteisiin.;;
Muu rakennus, 3-n krs;Rakennukset;Viiva;27;42162;;Ei sisälly Maastokartta/1:50 000-tuotteisiin.;;
Asuinrakennus, ? krs;Rakennukset;Alue;75;42210;Alueiden yhteiset attribuutit;;;
Asuinrakennus, 1-2 krs;Rakennukset;Alue;75;42211;;;;
Asuinrakennus, 3-n krs;Rakennukset;Alue;75;42212;;;;
Liike- tai julkinen rakennus, ? krs;Rakennukset;Alue;75;42220;;;;
Liike- tai julkinen rakennus, 1-2 krs;Rakennukset;Alue;75;42221;;;;
Liike- tai julkinen rakennus, 3-n krs;Rakennukset;Alue;75;42222;;;;
Lomarakennus, ? krs;Rakennukset;Alue;75;42230;;;;
Lomarakennus, 1-2 krs;Rakennukset;Alue;75;42231;;;;
Lomarakennus, 3-n krs;Rakennukset;Alue;75;42232;;;;
Teollinen rakennus, ? krs;Rakennukset;Alue;75;42240;;;;
Teollinen rakennus, 1-2 krs;Rakennukset;Alue;75;42241;;;;
Teollinen rakennus, 3-n krs;Rakennukset;Alue;75;42242;;;;
Kirkko;Rakennukset;Alue;75;42270;;;;
Kirkollinen rakennus, ? krs;Rakennukset;Alue;75;42250;;;;
Kirkollinen rakennus, 1-2 krs;Rakennukset;Alue;75;42251;;;;
Kirkollinen rakennus, 3-n krs;Rakennukset;Alue;75;42252;;;;
Muu rakennus, ? krs;Rakennukset;Alue;75;42260;;Maastokartta/1:50 000-tuotteissa ehto: pinta-ala > 100 m2;;
Muu rakennus, 1-2 krs;Rakennukset;Alue;75;42261;;Maastokartta/1:50 000-tuotteissa ehto: pinta-ala > 100 m2;;
Muu rakennus, 3-n krs;Rakennukset;Alue;75;42262;;Maastokartta/1:50 000-tuotteissa ehto: pinta-ala > 100 m2;;
Rautatiekilometripylväs (poistunut kohde);Rautatiestö;Piste;45;14300;Pisteiden yhteiset attribuutit;;;
Rautatieliikennepaikka;Rautatiestö;Piste;45;14200;;Ei sisälly Maastokartta/1:50 000-tuotteisiin.;;
Rautatien symboli;Rautatiestö;Piste;;;;;;
Rautatie, sähköistyssymboli;Rautatiestö;Piste;45;14191;;;;
Rautatie, käytöstä poistetun symboli;Rautatiestö;Piste;45;14192;;Ei sisälly Maastokartta/1:50 000-tuotteisiin.;;
Rautatiepylvään kilometriluku (poistunut kohde);Rautatiestö;Teksti;55;14311;Tekstien yhteiset attribuutit;;;
Rautatie (tallennettu alaluokkiin);Rautatiestö;Viiva;25;14110;Viivojen yhteiset attribuutit;;;
Rautatie, sähköistetty ;Rautatiestö;Viiva;25;14111;;;;
Rautatie, sähköistämätön ;Rautatiestö;Viiva;25;14112;;;;
Kapearaiteinen rautatie;Rautatiestö;Viiva;25;14121;;Ei sisälly Maastokartta/1:50 000-tuotteisiin.;;
Metro;Rautatiestö;Viiva;25;14131;;;;
Selite;Selitteet;Teksti;;;Tekstien yhteiset attribuutit;;;
Kulkuväylän selite;Selitteet;Teksti;55;12302;;;;
Turvalaitteen selite;Selitteet;Teksti;55;16102;;;;
Vedenottamon selite;Selitteet;Teksti;58;26202;;;;
Maa-aineksenottoalueen selite;Selitteet;Teksti;16;32102;;;;
Hautausmaan selite;Selitteet;Teksti;16;32202;;;;
Kaatopaikan selite;Selitteet;Teksti;16;32302;;;;
Liikennealueen selite;Selitteet;Teksti;16;32402;;;;
Louhoksen selite;Selitteet;Teksti;16;32502;;;;
Maatalousmaan selite;Selitteet;Teksti;16;32602;;;;
Puiston selite;Selitteet;Teksti;16;32902;;;;
Täytemaan selite;Selitteet;Teksti;16;33002;;;;
Urheilu- ja virkistysalueen selite;Selitteet;Teksti;16;33102;;;;
Merkittävän luontokohteen selite;Selitteet;Teksti;16;34902;;;;
Puun selite;Selitteet;Teksti;16;35102;;;;
Muun maastokohteen selite;Selitteet;Teksti;16;36500;;;;
Varastoalueen selite;Selitteet;Teksti;52;38902;;;;
Metsän rajan selite;Selitteet;Teksti;52;39502;;;;
Rakennuksen selite;Selitteet;Teksti;57;42102;;;;
Rakennusryhmän selite;Selitteet;Teksti;57;42202;;;;
Aidan selite;Selitteet;Teksti;57;44202;;;;
Altaan selite;Selitteet;Teksti;57;44302;;;;
Ilmaradan selite;Selitteet;Teksti;57;44402;;;;
Muistomerkin selite;Selitteet;Teksti;57;44902;;;;
Näkötornin selite;Selitteet;Teksti;57;45002;;;;
Tervahaudan selite;Selitteet;Teksti;57;45402;;;;
Tuulivoimalan selite;Selitteet;Teksti;57;45502;;;;
Rakennelman selite;Selitteet;Teksti;57;45702;;;;
Vesitornin selite;Selitteet;Teksti;57;45802;;;;
Sotilasalueen selite;Selitteet;Teksti;59;62102;;;;
Suoja-alueen selite;Selitteet;Teksti;59;62202;;;;
Aarnialueen selite (poistunut kohde);Selitteet;Teksti;56;72102;;;;
Luonnonsuojelualueen selite;Selitteet;Teksti;56;72202;;;;
Rauhoitetun kohteen selite (poistunut kohde);Selitteet;Teksti;56;72302;;;;
Luonnonmuistomerkin selite;Selitteet;Teksti;56;72304;;;;
Rauhoitetun alueen selite (poistunut kohde);Selitteet;Teksti;56;72402;;;;
Muinaisjäännöksen selite;Selitteet;Teksti;56;72404;;;;
Suojametsän selite;Selitteet;Teksti;56;72501;;;;
Luonnonhoitometsän selite (poistunut kohde);Selitteet;Teksti;56;72602;;;;
Kansallispuiston selite;Selitteet;Teksti;56;72603;;;;
Luonnonpuiston selite;Selitteet;Teksti;56;72604;;;;
Erämaa-alueen selite;Selitteet;Teksti;56;72702;;;;
Retkeilyalueen selite;Selitteet;Teksti;56;72802;;;;
Aluemeren ulkorajan selite;Selitteet;Teksti;53;82102;;;;
Rajavyöhykkeen takarajan selite;Selitteet;Teksti;53;82202;;;;
Sisäisten aluevesien ulkorajan selite;Selitteet;Teksti;53;82302;;;;
Ulko- ja sisäsaariston rajan selite;Selitteet;Teksti;53;82402;;;;
Kunnan hallintorajan selite;Selitteet;Teksti;53;85100;;;;
Vesiasteikon selite;Selitteet;Teksti;60;95302;;;;
Aarnialue (poistunut kohde);Suojelukohteet;Alue;74;72100;Alueiden yhteiset attribuutit;;;
Luonnonsuojelualue;Suojelukohteet;Alue;74;72200;;;;
Luonnonpuisto;Suojelukohteet;Alue;74;72201;;Ei sisälly Maastokartta/1:50 000-tuotteisiin.;;
Kansallispuisto;Suojelukohteet;Alue;74;72202;;Ei sisälly Maastokartta/1:50 000-tuotteisiin.;;
Rauhoitettu alue (poistunut kohde);Suojelukohteet;Alue;74;72400;;;;
Retkeilyalue;Suojelukohteet;Alue;74;72800;;Ei sisälly Maastokartta/1:50 000-tuotteisiin.;;
Suojametsä;Suojelukohteet;Alue;74;72500;;;;
Luonnonhoitometsä (poistunut kohde);Suojelukohteet;Alue;74;72600;;;;
Luonnonmuistomerkki;Suojelukohteet;Piste;;;Pisteiden yhteiset attribuutit;;;
Rauhoitettu kivi;Suojelukohteet;Piste;46;72310;;;;
Rauhoitettu puu;Suojelukohteet;Piste;46;72320;;;;
Muu rauhoitettu kohde;Suojelukohteet;Piste;46;72340;;;;
Muinaisjäännös;Suojelukohteet;Piste;46;72330;;;;
Erämaa-alue;Suojelukohteet;Viiva;26;72700;Viivojen yhteiset attribuutit;;;
Luonnonmuistomerkki;Suojelukohteet;Viiva;;;;;;
Rauhoitettu kivi;Suojelukohteet;Viiva;26;72410;;Ei sisälly Maastokartta/1:50 000-tuotteisiin.;;
Rauhoitettu puu;Suojelukohteet;Viiva;26;72420;;Ei sisälly Maastokartta/1:50 000-tuotteisiin.;;
Muu rauhoitettu kohde;Suojelukohteet;Viiva;26;72440;;Ei sisälly Maastokartta/1:50 000-tuotteisiin.;;
Muinaisjäännös;Suojelukohteet;Viiva;26;74330;;Ei sisälly Maastokartta/1:50 000-tuotteisiin.;;
Rauhoitettu alue (poistunut kohde);Suojelukohteet;Viiva;26;72400;;;;
Suojametsä;Suojelukohteet;Viiva;26;72500;;;;
Suojelualueen reunaviiva;Suojelukohteet;Viiva;26;72000;;;;
Suojelukohteet tekninen viiva;Suojelukohteet;Viiva;26;30999;;Ei sisälly Maastokartta/1:50 000-tuotteisiin.;;
Taajaan rakennettu alue;Taajaan rakennetut alueet;Alue;82;40200;Alueiden yhteiset attribuutit;;;
Taajaan rakennetun alueen reunaviiva;Taajaan rakennetut alueet;Viiva;34;40100;Viivojen yhteiset attribuutit;;;
Tiesymboli;Tiestö;Piste;;;Pisteiden yhteiset attribuutit;;;
Lauttasymboli;Tiestö;Piste;45;12192;;Ei sisälly Maastokartta/1:50 000-tuotteisiin.;;
Lossisymboli;Tiestö;Piste;45;12193;;Ei sisälly Maastokartta/1:50 000-tuotteisiin.;;
Esterakennelma;Tiestö;Piste;45;12200;;Ei sisälly Maastokartta/1:50 000-tuotteisiin.;;
Kevytväylän alikulkusymboli (poistunut kohde);Tiestö;Piste;45;12391;;;;
Autoliikennepaikka (poistunut kohde);Tiestö;Piste;45;12500;;;;
Tieteksti;Tiestö;Teksti;;;Tekstien yhteiset attribuutit;;;
Kulkukorkeusrajoitteen korkeus (poistunut kohde);Tiestö;Teksti;55;10111;;;;
Autotien siltanumero (poistunut kohde);Tiestö;Teksti;55;12105;;;;
Autotien lauttanumero;Tiestö;Teksti;55;12106;;Ei sisälly Maastokartta/1:50 000-tuotteisiin.;;
Paikallistien numero;Tiestö;Teksti;55;12181;;;;
Maantien numero;Tiestö;Teksti;55;12182;;;;
E- valta- tai kantatien numero;Tiestö;Teksti;55;12183;;;;
Autotien tienumero (poistunut kohde);Tiestö;Teksti;55;12191;;;;
Kulkurajoitus;Tiestö;Viiva;;;Viivojen yhteiset attribuutit;;;
Tieviiva;Tiestö;Viiva;;;;;;
Autotie Ia;Tiestö;Viiva;25;12111;;;;
Autotie Ib;Tiestö;Viiva;25;12112;;;;
Autotie IIa;Tiestö;Viiva;25;12121;;;;
Autotie IIb;Tiestö;Viiva;25;12122;;;;
Autotie IIIa;Tiestö;Viiva;25;12131;;;;
Autotie IIIb;Tiestö;Viiva;25;12132;;;;
Ajotie;Tiestö;Viiva;25;12141;;;;
Lautta;Tiestö;Viiva;25;12151;;;;
Lossi;Tiestö;Viiva;25;12152;;;;
Huoltoaukko ilman puomia;Tiestö;Viiva;25;12153;;Ei sisälly avoimiin maastotietotuotteisiin.;;
Huoltoaukko puomilla;Tiestö;Viiva;25;12154;;Ei sisälly avoimiin maastotietotuotteisiin.;;
Erikoiskuljetusyhteys ilman puomia;Tiestö;Viiva;25;12155;;Ei sisälly avoimiin maastotietotuotteisiin.;;
Erikoiskuljetusyhteys puomilla;Tiestö;Viiva;25;12156;;Ei sisälly avoimiin maastotietotuotteisiin.;;
Talvitie;Tiestö;Viiva;25;12312;;;;
Polku;Tiestö;Viiva;25;12313;;;;
Kävely- ja pyörätie;Tiestö;Viiva;25;12314;;;;
Ajopolku;Tiestö;Viiva;25;12316;;;;
Ankkuripaikka;Vesikulkuväylästö;Piste;45;16600;Pisteiden yhteiset attribuutit;;;
Hylky;Vesikulkuväylästö;Piste;;;;;;
Hylky, pinnalla;Vesikulkuväylästö;Piste;45;16712;;Ei sisälly Maastokartta/1:50 000-tuotteisiin.;;
Hylky, syvyys tuntematon;Vesikulkuväylästö;Piste;45;16721;;Ei sisälly Maastokartta/1:50 000-tuotteisiin.;;
Hylky, syvyys tunnettu;Vesikulkuväylästö;Piste;45;16722;;Ei sisälly Maastokartta/1:50 000-tuotteisiin.;;
Turvalaite;Vesikulkuväylästö;Piste;;;;Liikennevirasto tieto poistunut avoimista maastotietotuotteista 1.5.2012.;;
Linjamerkki;Vesikulkuväylästö;Piste;45;16120;;Liikennevirasto tieto poistunut avoimista maastotietotuotteista 1.5.2012.;;
Kummeli;Vesikulkuväylästö;Piste;45;16121;;;;
Tunnusmajakka;Vesikulkuväylästö;Piste;45;16122;;;;
Loisto;Vesikulkuväylästö;Piste;45;16124;;Liikennevirasto tieto poistunut avoimista maastotietotuotteista 1.5.2012.;;
Linjaloisto;Vesikulkuväylästö;Piste;45;16125;;Liikennevirasto tieto poistunut avoimista maastotietotuotteista 1.5.2012.;;
Merimajakka;Vesikulkuväylästö;Piste;45;16126;;;;
Tutkamerkki;Vesikulkuväylästö;Piste;45;16127;Pisteiden yhteiset attribuutit;Liikennevirasto tieto poistunut avoimista maastotietotuotteista 1.5.2012.;;
Valaistu tutkamerkki;Vesikulkuväylästö;Piste;45;16128;;Liikennevirasto tieto poistunut avoimista maastotietotuotteista 1.5.2012.;;
Merimerkki, vasen;Vesikulkuväylästö;Piste;45;16141;;Liikennevirasto tieto poistunut avoimista maastotietotuotteista 1.5.2012.;;
Merimerkki, oikea;Vesikulkuväylästö;Piste;45;16142;;Liikennevirasto tieto poistunut avoimista maastotietotuotteista 1.5.2012.;;
Merimerkki, pohjois;Vesikulkuväylästö;Piste;45;16143;;Liikennevirasto tieto poistunut avoimista maastotietotuotteista 1.5.2012.;;
Merimerkki, etelä;Vesikulkuväylästö;Piste;45;16144;;Liikennevirasto tieto poistunut avoimista maastotietotuotteista 1.5.2012.;;
Merimerkki, itä;Vesikulkuväylästö;Piste;45;16145;;Liikennevirasto tieto poistunut avoimista maastotietotuotteista 1.5.2012.;;
Merimerkki, länsi;Vesikulkuväylästö;Piste;45;16146;;Liikennevirasto tieto poistunut avoimista maastotietotuotteista 1.5.2012.;;
Merimerkki, kari;Vesikulkuväylästö;Piste;45;16147;;Liikennevirasto tieto poistunut avoimista maastotietotuotteista 1.5.2012.;;
Merimerkki, turva;Vesikulkuväylästö;Piste;45;16148;;Liikennevirasto tieto poistunut avoimista maastotietotuotteista 1.5.2012.;;
Merimerkki, erikois;Vesikulkuväylästö;Piste;45;16149;;Liikennevirasto tieto poistunut avoimista maastotietotuotteista 1.5.2012.;;
Viittapoiju, vasen;Vesikulkuväylästö;Piste;45;16151;;Liikennevirasto tieto poistunut avoimista maastotietotuotteista 1.5.2012.;;
Viittapoiju, oikea;Vesikulkuväylästö;Piste;45;16152;;Liikennevirasto tieto poistunut avoimista maastotietotuotteista 1.5.2012.;;
Viittapoiju, pohjois;Vesikulkuväylästö;Piste;45;16153;;Liikennevirasto tieto poistunut avoimista maastotietotuotteista 1.5.2012.;;
Viittapoiju, etelä;Vesikulkuväylästö;Piste;45;16154;;Liikennevirasto tieto poistunut avoimista maastotietotuotteista 1.5.2012.;;
Viittapoiju, itä;Vesikulkuväylästö;Piste;45;16155;;Liikennevirasto tieto poistunut avoimista maastotietotuotteista 1.5.2012.;;
Viittapoiju, länsi;Vesikulkuväylästö;Piste;45;16156;;Liikennevirasto tieto poistunut avoimista maastotietotuotteista 1.5.2012.;;
Viittapoiju, kari;Vesikulkuväylästö;Piste;45;16157;;Liikennevirasto tieto poistunut avoimista maastotietotuotteista 1.5.2012.;;
Viittapoiju, turva;Vesikulkuväylästö;Piste;45;16158;;Liikennevirasto tieto poistunut avoimista maastotietotuotteista 1.5.2012.;;
Viittapoiju, erikois;Vesikulkuväylästö;Piste;45;16159;;Liikennevirasto tieto poistunut avoimista maastotietotuotteista 1.5.2012.;;
Poiju, vasen;Vesikulkuväylästö;Piste;45;16161;;Liikennevirasto tieto poistunut avoimista maastotietotuotteista 1.5.2012.;;
Poiju, oikea;Vesikulkuväylästö;Piste;45;16162;;Liikennevirasto tieto poistunut avoimista maastotietotuotteista 1.5.2012.;;
Poiju, pohjois;Vesikulkuväylästö;Piste;45;16163;;Liikennevirasto tieto poistunut avoimista maastotietotuotteista 1.5.2012.;;
Poiju, etelä;Vesikulkuväylästö;Piste;45;16164;;Liikennevirasto tieto poistunut avoimista maastotietotuotteista 1.5.2012.;;
Poiju, itä;Vesikulkuväylästö;Piste;45;16165;;Liikennevirasto tieto poistunut avoimista maastotietotuotteista 1.5.2012.;;
Poiju, länsi;Vesikulkuväylästö;Piste;45;16166;;Liikennevirasto tieto poistunut avoimista maastotietotuotteista 1.5.2012.;;
Poiju, kari;Vesikulkuväylästö;Piste;45;16167;;Liikennevirasto tieto poistunut avoimista maastotietotuotteista 1.5.2012.;;
Poiju, turva;Vesikulkuväylästö;Piste;45;16168;;Liikennevirasto tieto poistunut avoimista maastotietotuotteista 1.5.2012.;;
Poiju, erikois;Vesikulkuväylästö;Piste;45;16169;;Liikennevirasto tieto poistunut avoimista maastotietotuotteista 1.5.2012.;;
Valopoiju, vasen;Vesikulkuväylästö;Piste;45;16171;;Liikennevirasto tieto poistunut avoimista maastotietotuotteista 1.5.2012.;;
Valopoiju, oikea;Vesikulkuväylästö;Piste;45;16172;;Liikennevirasto tieto poistunut avoimista maastotietotuotteista 1.5.2012.;;
Valopoiju, pohjois;Vesikulkuväylästö;Piste;45;16173;;Liikennevirasto tieto poistunut avoimista maastotietotuotteista 1.5.2012.;;
Valopoiju, etelä;Vesikulkuväylästö;Piste;45;16174;;Liikennevirasto tieto poistunut avoimista maastotietotuotteista 1.5.2012.;;
Valopoiju, itä;Vesikulkuväylästö;Piste;45;16175;;Liikennevirasto tieto poistunut avoimista maastotietotuotteista 1.5.2012.;;
Valopoiju, länsi;Vesikulkuväylästö;Piste;45;16176;;Liikennevirasto tieto poistunut avoimista maastotietotuotteista 1.5.2012.;;
Valopoiju, kari;Vesikulkuväylästö;Piste;45;16177;;Liikennevirasto tieto poistunut avoimista maastotietotuotteista 1.5.2012.;;
Valopoiju, turva;Vesikulkuväylästö;Piste;45;16178;;Liikennevirasto tieto poistunut avoimista maastotietotuotteista 1.5.2012.;;
Valopoiju, erikois;Vesikulkuväylästö;Piste;45;16179;;Liikennevirasto tieto poistunut avoimista maastotietotuotteista 1.5.2012.;;
Jääpoiju, vasen;Vesikulkuväylästö;Piste;45;16181;;Liikennevirasto tieto poistunut avoimista maastotietotuotteista 1.5.2012.;;
Jääpoiju, oikea;Vesikulkuväylästö;Piste;45;16182;;Liikennevirasto tieto poistunut avoimista maastotietotuotteista 1.5.2012.;;
Jääpoiju, pohjois;Vesikulkuväylästö;Piste;45;16183;;Liikennevirasto tieto poistunut avoimista maastotietotuotteista 1.5.2012.;;
Jääpoiju, etelä;Vesikulkuväylästö;Piste;45;16184;;Liikennevirasto tieto poistunut avoimista maastotietotuotteista 1.5.2012.;;
Jääpoiju, itä;Vesikulkuväylästö;Piste;45;16185;;Liikennevirasto tieto poistunut avoimista maastotietotuotteista 1.5.2012.;;
Jääpoiju, länsi;Vesikulkuväylästö;Piste;45;16186;;Liikennevirasto tieto poistunut avoimista maastotietotuotteista 1.5.2012.;;
Jääpoiju, kari;Vesikulkuväylästö;Piste;45;16187;;Liikennevirasto tieto poistunut avoimista maastotietotuotteista 1.5.2012.;;
Jääpoiju, turva;Vesikulkuväylästö;Piste;45;16188;;Liikennevirasto tieto poistunut avoimista maastotietotuotteista 1.5.2012.;;
Jääpoiju, erikois;Vesikulkuväylästö;Piste;45;16189;;Liikennevirasto tieto poistunut avoimista maastotietotuotteista 1.5.2012.;;
Valojääpoiju, vasen;Vesikulkuväylästö;Piste;45;16191;;Liikennevirasto tieto poistunut avoimista maastotietotuotteista 1.5.2012.;;
Valojääpoiju, oikea;Vesikulkuväylästö;Piste;45;16192;;Liikennevirasto tieto poistunut avoimista maastotietotuotteista 1.5.2012.;;
Valojääpoiju, pohjois;Vesikulkuväylästö;Piste;45;16193;;Liikennevirasto tieto poistunut avoimista maastotietotuotteista 1.5.2012.;;
Valojääpoiju, etelä;Vesikulkuväylästö;Piste;45;16194;;Liikennevirasto tieto poistunut avoimista maastotietotuotteista 1.5.2012.;;
Valojääpoiju, itä;Vesikulkuväylästö;Piste;45;16195;;Liikennevirasto tieto poistunut avoimista maastotietotuotteista 1.5.2012.;;
Valojääpoiju, länsi;Vesikulkuväylästö;Piste;45;16196;;Liikennevirasto tieto poistunut avoimista maastotietotuotteista 1.5.2012.;;
Valojääpoiju, kari;Vesikulkuväylästö;Piste;45;16197;;Liikennevirasto tieto poistunut avoimista maastotietotuotteista 1.5.2012.;;
Valojääpoiju, turva;Vesikulkuväylästö;Piste;45;16198;;Liikennevirasto tieto poistunut avoimista maastotietotuotteista 1.5.2012.;;
Valojääpoiju, erikois;Vesikulkuväylästö;Piste;45;16199;;Liikennevirasto tieto poistunut avoimista maastotietotuotteista 1.5.2012.;;
Reunamerkki, vasen;Vesikulkuväylästö;Piste;45;16201;;Liikennevirasto tieto poistunut avoimista maastotietotuotteista 1.5.2012.;;
Reunamerkki, oikea;Vesikulkuväylästö;Piste;45;16202;;Liikennevirasto tieto poistunut avoimista maastotietotuotteista 1.5.2012.;;
Reunamerkki, pohjois;Vesikulkuväylästö;Piste;45;16203;;Liikennevirasto tieto poistunut avoimista maastotietotuotteista 1.5.2012.;;
Reunamerkki, etelä;Vesikulkuväylästö;Piste;45;16204;;Liikennevirasto tieto poistunut avoimista maastotietotuotteista 1.5.2012.;;
Reunamerkki, itä;Vesikulkuväylästö;Piste;45;16205;;Liikennevirasto tieto poistunut avoimista maastotietotuotteista 1.5.2012.;;
Reunamerkki, länsi;Vesikulkuväylästö;Piste;45;16206;;Liikennevirasto tieto poistunut avoimista maastotietotuotteista 1.5.2012.;;
Valaistu reunamerkki, vasen;Vesikulkuväylästö;Piste;45;16211;;Liikennevirasto tieto poistunut avoimista maastotietotuotteista 1.5.2012.;;
Valaistu reunamerkki, oikea;Vesikulkuväylästö;Piste;45;16212;;Liikennevirasto tieto poistunut avoimista maastotietotuotteista 1.5.2012.;;
Valaistu reunamerkki, pohjois;Vesikulkuväylästö;Piste;45;16213;;Liikennevirasto tieto poistunut avoimista maastotietotuotteista 1.5.2012.;;
Valaistu reunamerkki, etelä;Vesikulkuväylästö;Piste;45;16214;;Liikennevirasto tieto poistunut avoimista maastotietotuotteista 1.5.2012.;;
Valaistu reunamerkki, itä;Vesikulkuväylästö;Piste;45;16215;;Liikennevirasto tieto poistunut avoimista maastotietotuotteista 1.5.2012.;;
Valaistu reunamerkki, länsi;Vesikulkuväylästö;Piste;45;16216;;Liikennevirasto tieto poistunut avoimista maastotietotuotteista 1.5.2012.;;
Vesikulkuväylän kulkusuunta;Vesikulkuväylästö;Piste;;;;Liikennevirasto tieto poistunut avoimista maastotietotuotteista 1.5.2012.;;
Nimelliskulkusuunta;Vesikulkuväylästö;Piste;45;16505;;Liikennevirasto tieto poistunut avoimista maastotietotuotteista 1.5.2012.;;
Suositeltu kulkusuunta;Vesikulkuväylästö;Piste;45;16506;;Liikennevirasto tieto poistunut avoimista maastotietotuotteista 1.5.2012.;;
Pakollinen kulkusuunta;Vesikulkuväylästö;Piste;45;16507;;Liikennevirasto tieto poistunut avoimista maastotietotuotteista 1.5.2012.;;
Hylyn syvyys;Vesikulkuväylästö;Teksti;55;16703;Tekstien yhteiset attribuutit;Ei sisälly Maastokartta/1:50 000-tuotteisiin.;;
Vesikulkuväylän teksti;Vesikulkuväylästö;Teksti;;;;;;
Kulkusyvyys (2.2mm teksti);Vesikulkuväylästö;Teksti;55;16503;;;;
Kulkusyvyys (1.8mm teksti);Vesikulkuväylästö;Teksti;55;16504;;;;
Alikulkukorkeus;Vesikulkuväylästö;Teksti;55;16508;;Ei sisälly Maastokartta/1:50 000-tuotteisiin.;;
Vesikulkuväylä;Vesikulkuväylästö;Viiva;;;Viivojen yhteiset attribuutit;;;
Laivaväylä;Vesikulkuväylästö;Viiva;25;16511;;;;
Venereitti;Vesikulkuväylästö;Viiva;25;16512;;;;
Laivaväylälinja;Vesikulkuväylästö;Viiva;25;16521;;Liikennevirasto tieto poistunut avoimista maastotietotuotteista 1.5.2012.;;
Venereittilinja;Vesikulkuväylästö;Viiva;25;16522;;Liikennevirasto tieto poistunut avoimista maastotietotuotteista 1.5.2012.;;
